GEO,liver,PTK7,COL9A3,FGF19,LAMC1,BCL2L14,TMEM189.....TMEM189.UBE2V1.....UBE2V1,SAGE1,TF,LINC00176,UBXN7,ANAPC1.....LOC101930107.....LOC285074.....LOC730268,MSANTD3-TMEFF1///TMEFF1,KIF6,PRAME,RNF182,CTAG2
GSM1523727,0,1.733180881,1.346666932,1.100951314,2.672805071,1.409378171,2.224939585,0.898795784,1.087943435,1.161200643,1.912985802,1.409378171,1.480968833,1.026133895,1.395995021,0.96780026,1.409378171
GSM1523728,0,1.859174252,1.425951123,1.118595243,2.956720829,2.511767864,2.267482758,0.887996972,0.977594316,1.138424993,1.926665545,1.899666071,1.631508827,1.026991487,1.834584594,0.982190132,1.275055289
GSM1523729,0,1.841294885,1.506512523,1.050224423,2.893748999,2.60642767,2.246242523,0.874879837,0.99816674,1.133671999,1.851635456,1.815659642,1.615054607,0.965722322,1.251731515,0.965527534,1.068660378
GSM1523744,0,1.902994752,1.174742818,1.113137245,2.76668334,2.351166725,2.240063429,0.980257809,1.028003573,1.144099951,2.029253244,1.862490654,1.353283048,0.905190587,1.35629189,0.947262824,1.185866475
GSM1523745,0,1.918933153,2.685662508,1.117697239,3.057646036,2.174627781,2.439034462,0.960474074,0.913271129,1.232214451,1.791711926,2.023784399,2.360936165,0.932919681,1.231568575,0.98014617,1.065631151
GSM1523746,1,2.197745562,2.990611315,1.097598076,3.314831018,2.382820368,2.187186956,0.917580962,1.64985621,1.177416205,2.134458542,2.09180665,2.051046371,1.093872547,2.3347826,1.617353201,2.872859955
GSM1523747,1,2.174994707,2.767163515,1.07137382,3.18264246,2.094419003,2.719130278,1.61765933,1.985555291,1.386563063,2.247294426,2.35963273,1.772167802,1.441398382,1.773608208,2.028010607,1.268152356
GSM1523748,0,1.877833247,1.565707922,1.021115065,2.782300472,2.669349194,2.14712286,0.893466651,1.039355397,1.187835455,1.871748209,1.920796514,1.491690636,0.971301854,1.191759467,0.930824161,1.092919827
GSM1523765,0,1.936457992,1.941722035,1.113528967,2.87633729,2.316804647,2.321853399,0.869740367,1.06460619,1.351473331,2.235745907,2.043348312,1.569843769,0.997347891,1.405852556,0.917219996,1.298170447
GSM1523768,0,2.198607445,2.061202049,1.075516939,3.142885685,2.387459993,2.47317934,0.905507863,0.895809293,1.136466503,1.876266122,2.061454058,1.91135776,1.001887083,1.261824727,1.13988924,1.15253067
GSM1523769,0,1.882851362,1.983700752,0.97169596,3.053202629,2.611549139,2.290789604,0.932967782,1.020121455,1.122402072,1.860296726,1.960254431,1.687124372,0.95589304,1.193368077,0.962966621,1.113357306
GSM1523770,0,1.772839665,1.277446985,1.002981305,2.654669046,2.463754654,2.261185884,0.814895093,1.033446431,1.165013194,2.182374477,2.053005934,1.899479747,1.047808647,1.920347333,1.09709096,1.232862353
GSM1523771,0,1.875205636,1.441890597,0.975659311,3.245882988,2.061634302,2.289972782,0.844085693,1.109139919,1.134379506,1.908990383,2.052707911,2.21873641,0.932862997,1.192783475,1.111659765,1.18426764
GSM1523772,0,1.784100533,1.523497701,1.118878603,3.247394323,2.420609951,2.184675932,0.8847633,1.093919158,1.176784635,1.760414362,1.861845255,1.726926208,0.965406477,1.202813506,0.930805504,1.123889446
GSM1523773,0,1.901299119,1.501229167,1.07959199,3.280465603,1.869860768,2.285181284,0.901486397,1.148316026,1.039872885,1.864770651,1.991971254,1.839073539,0.896703959,1.282027125,1.019940257,1.141910315
GSM1523774,0,1.781298876,1.682727337,1.048926711,3.177621365,2.486600161,2.254137754,0.827746093,1.020469069,1.117205381,1.779830456,1.85894537,1.823124051,0.952994466,1.296040416,0.874686241,1.071999431
GSM1523775,0,1.825721979,1.773366809,1.022346973,2.710091591,2.417942286,2.455402851,0.87463814,0.980815351,1.109721422,1.968193173,2.125269413,1.97902,0.882221937,1.806228161,1.602292418,2.757670641
GSM1523776,0,2.051318645,1.325300574,1.03859508,2.637327194,2.403578281,2.159201622,0.876856685,1.00436306,1.273741245,1.82165134,2.134734392,1.682389855,0.952408612,1.235688925,0.884005904,1.257959485
GSM1523777,0,2.351499081,1.452216029,1.230747938,2.860877037,2.645560503,2.326763868,0.813782513,0.95737052,1.198508143,2.049316406,2.150359631,1.58696425,0.990125299,1.394838452,2.105293036,1.214458942
GSM1523778,0,2.057099581,1.80320847,1.060034394,3.09930253,2.470553875,2.332345486,0.831046283,1.03812778,1.201047659,1.769620419,2.007414579,1.759777784,0.895792425,1.575202107,0.976145089,1.072689652
GSM1523779,0,1.686594605,1.578205705,1.037250042,2.678577423,2.676150084,2.233369112,0.866582572,0.980508566,1.132357717,2.081075191,1.794317961,1.525003433,0.964242756,1.32376492,0.985277772,1.051939726
GSM1523780,1,2.255136967,1.188894153,1.071144819,2.936686039,2.422945023,2.339718103,0.915431917,1.057215214,1.237944245,1.870084405,2.076916456,1.902675152,0.876690269,1.528501153,0.944285035,1.096984625
GSM1523781,0,2.096379519,1.573256254,1.155349493,3.219913006,2.062452078,2.44351387,0.914803982,2.687250376,1.114923358,1.985497594,2.296935797,1.547746539,0.963533223,1.461118698,1.937645435,1.779689431
GSM1523782,0,2.24555397,2.186971426,1.093611836,3.088799477,2.085080147,2.415088177,0.952213526,0.923402011,1.143193007,1.929299831,2.082167387,1.61032021,0.923518479,1.441142321,1.063697338,1.097745657
GSM1523783,0,1.8082968,1.720611811,1.10593307,2.803513765,2.657809496,2.20314312,0.915884674,1.043842912,1.202236414,1.647870779,1.793574691,1.33811295,0.852326095,1.202556133,1.078460693,1.126590014
GSM1523784,0,2.056585073,1.582551956,1.025785923,3.013653278,2.752275229,2.225309134,0.863018632,1.026804924,1.269697309,1.762563467,1.967787623,1.472574949,0.969331682,1.303343773,0.926205158,1.086303115
GSM1523785,0,1.92547965,1.651731491,1.087620735,2.792620897,2.515194416,2.290275812,0.892483532,0.915313601,1.165922046,1.737863064,1.785326481,1.639761209,0.895617545,1.191213965,0.940830112,1.204020619
GSM1523786,0,1.768681526,1.743957996,1.079916477,2.88170433,2.682221651,2.194604874,0.903780878,0.926114917,1.291498423,1.781760693,1.862540841,1.557612777,0.907569587,1.228263497,0.979936361,1.123081207
GSM1523787,0,2.543709993,2.882194757,1.043187857,2.943781853,2.472553253,2.818389654,0.874602914,1.009088039,1.12166059,2.03461957,2.021269083,1.506505132,0.959900081,1.650746822,1.036789179,1.075352907
GSM1523788,0,2.219346285,1.825274587,1.034344435,3.271575928,2.178617716,2.274887085,0.816212475,1.520515442,1.164362311,1.843697071,1.931134582,2.025788069,0.910299063,1.364833951,1.2240659,1.5355618
GSM1523789,0,1.981053352,1.557602286,1.046850801,3.207260847,2.647106409,2.432351351,0.85535264,0.969251275,1.116412759,1.947084188,2.128974199,1.840920925,0.922836661,1.228715658,1.076679587,1.103615403
GSM1523790,1,2.15466094,1.562735319,1.024408102,3.113544226,2.61665988,2.295706511,0.899739504,1.077579618,1.283062696,2.054267645,2.126461983,1.948233843,0.905789316,1.775871038,1.063613296,1.080412984
GSM1523791,0,1.873237729,1.424955368,1.070905805,2.909275293,2.707012892,2.283919334,0.868303239,1.04495573,1.123658538,1.937565327,2.047683716,1.637157083,0.895072341,1.314528108,1.05028367,1.087065935
GSM1523792,0,2.113052607,1.648754239,1.081463814,2.724991798,2.683625221,2.324008226,0.831767559,0.998414397,1.050153375,2.107805014,2.110126257,1.767040014,0.992550075,1.518205523,1.825098276,1.146013618
GSM1523793,0,1.947055697,2.013179064,1.043906093,2.918066502,2.166537285,2.424448252,0.825919688,0.987623692,1.200416088,2.028245687,1.860434055,2.315239191,0.958295822,1.363168597,2.558693409,2.562510967
GSM1523794,1,1.978848696,2.025313139,1.082327843,3.178057909,1.772477269,2.438185692,2.114735365,1.019826651,1.132023573,2.28809309,2.06315279,2.128825426,0.989460289,2.204502583,0.98122716,2.551794052
GSM1523795,0,2.031130075,2.623351097,1.136747003,3.015462637,1.770897746,2.519356251,0.861659825,1.105357766,1.138494015,1.644630432,2.22203207,1.681019545,0.947090924,1.476744771,1.657207489,1.865723491
GSM1523796,0,2.413079023,1.650105596,1.101016521,3.4103508,2.099191904,2.295505047,0.803766072,1.193226337,1.255377173,1.883587122,2.089036226,2.05422473,0.960614145,1.162129283,1.307682395,1.103135228
GSM1523797,0,1.890971065,1.69457829,1.069703698,2.903036356,2.528939486,2.360892057,1.03411305,1.016428351,1.180011153,2.178891897,2.061226845,1.952150226,1.645204425,1.898947477,0.956477046,1.052741885
GSM1523798,0,1.7390064,1.768880486,1.041553497,2.874815941,2.391139984,2.18015337,0.772254467,0.996372581,1.175546527,1.975081563,2.059958458,1.61537838,0.82179749,1.217497706,0.956523776,1.005463004
GSM1523799,0,2.169763088,2.258070946,0.990830898,3.050448418,2.154130459,2.545429468,0.862849176,2.649903059,1.249433756,2.303579092,2.159411192,1.592578411,0.8681615,1.286255717,1.135727763,1.07034111
GSM1523800,0,1.89717865,1.160350204,1.094816208,2.981467247,2.573580027,2.412536383,0.864916682,0.986621618,1.147555232,1.978067875,2.508810282,1.544792295,0.968323469,1.393741488,0.922602117,1.074509978
GSM1523801,0,1.885733843,1.497941852,1.113332987,2.680842161,2.527538538,2.371764421,0.837669849,1.053058028,1.259536386,1.701228023,2.098013878,1.282811642,0.913971901,1.345101595,1.831257582,1.049771667
GSM1523802,0,1.96191299,1.833264589,1.160221696,2.758617878,2.643069029,2.379570723,0.873653173,1.051249743,1.149526715,1.966249466,1.979265571,1.698183656,0.943346441,1.947285295,0.982043207,1.753215551
GSM1523803,0,2.175232172,1.632384896,1.217537761,3.021504402,2.585718632,2.570085287,0.923322856,1.355918527,1.207757592,2.344378948,1.871007681,1.731669068,0.912154913,1.646535993,0.931780577,1.336330652
GSM1523804,0,1.900853872,1.660893202,1.068056583,3.011163712,2.672394514,2.228403091,1.05200088,1.060214996,1.199205399,1.78683877,1.860006213,1.657417297,0.913045347,1.28854084,1.012947559,1.060783625
GSM1523805,0,2.179653645,1.389893413,0.983956516,3.104350805,2.386242867,2.200709343,0.886940598,0.965679526,1.220325589,1.914534926,2.025409698,1.45780158,0.957184494,1.717297316,0.959474981,1.129320979
GSM1523806,1,2.056336641,2.676475763,2.395804405,2.865457058,2.547972441,2.528702259,0.837293267,1.087777257,1.160684109,2.037910938,2.13873744,1.715497136,0.923990846,1.277043104,0.995717824,1.159373045
GSM1523807,0,1.862499118,1.778618217,1.074854732,3.110151768,2.442535162,2.260609388,0.985847652,1.013794661,1.072482824,1.915643692,2.11823225,2.069720984,0.973557174,1.731260538,1.148401976,1.150978208
GSM1523808,0,1.978020906,1.58934474,1.030219793,3.024701357,2.459164858,2.230748415,0.852943778,0.983896971,1.086497307,1.887540579,1.938922763,1.729220748,0.913009286,1.297476888,0.9161731,1.064494133
GSM1523809,0,1.903369069,1.769013882,1.022069335,2.842956066,2.638024092,2.344391108,0.908467591,1.018095493,1.126892567,2.117971182,1.907230854,1.881249905,0.885692894,1.804331541,0.918077648,1.219983935
GSM1523810,0,2.179641008,1.488674641,1.183114409,2.926520586,2.466082335,2.336529255,0.859273255,1.076509476,1.172468185,1.840977788,1.973421931,1.658361554,0.924263835,1.330265045,0.998046577,1.170669198
GSM1523811,0,1.75712502,1.547572374,1.075030208,2.787571192,2.744966984,2.28319788,0.898441792,1.005493164,1.196301699,1.843088031,1.884055018,1.604242444,0.887851238,1.263604522,0.993763208,1.235356331
GSM1523812,0,2.071377039,1.600843787,1.032240868,3.077574253,2.496576071,2.261027336,1.000989795,0.971859634,1.238240242,1.957390308,2.017710447,1.660275221,0.859918356,1.159158468,0.859090567,1.110368371
GSM1523813,0,1.844403028,1.538557768,1.061139703,3.113604546,2.354610205,2.344508886,0.815167844,0.954354167,1.108716369,1.729862809,2.094960451,1.829699397,0.984888256,1.150587201,0.984720647,1.083459616
GSM1523814,0,2.259970665,2.431542635,1.089661717,3.149929523,1.720986366,2.447470427,0.923435092,0.898470342,1.223691702,1.986679673,1.973744631,1.561293006,0.911689162,1.990678906,1.41716671,1.104528069
GSM1523815,0,2.30973196,1.811500072,1.045083404,2.835967064,2.165291309,2.332650661,0.883563042,0.989626467,1.171133757,2.219103098,2.147321224,1.789951086,0.990301967,1.217001915,1.000865459,1.130541325
GSM1523816,0,2.312214136,2.284285784,1.079084516,2.820654869,2.391624689,2.531611681,0.868281901,0.941017926,1.183214068,1.884382367,1.843525767,1.708142877,1.000808835,1.355452895,1.032950163,1.255861998
GSM1523817,1,3.00262785,2.119918108,1.107281923,2.96562624,1.235899925,2.351753235,0.840889931,1.043779373,1.184950709,2.34211421,2.052092552,2.63322711,1.354179502,2.336926937,1.805280805,1.251624823
GSM1523818,0,1.611983538,1.557376862,1.064796448,2.840229034,2.628177166,2.117092133,0.93587333,0.990833938,1.19692564,1.802655816,1.728619576,1.281790614,1.014149308,1.635604382,0.942619741,1.160176277
GSM1523819,0,1.980769277,2.274926186,1.080321074,3.016335726,2.282479525,2.557016134,0.876894355,1.12537992,1.082952142,1.937568665,2.069964647,1.883107543,1.144900441,1.577840209,0.985950291,1.209926009
GSM1523820,0,2.305928707,1.795603871,1.106058002,2.988656282,2.362008333,2.722347736,0.857331634,1.915407419,1.279005766,1.726509929,2.124808311,1.717624426,0.910020292,2.141201019,1.346862793,1.185407996
GSM1523821,0,1.846015215,1.760976315,1.055108666,2.617162943,2.735819578,2.274233103,0.808553636,1.002227902,1.157215595,1.844848514,2.057409763,1.380408049,0.955286801,1.289323807,0.988395214,1.140935659
GSM1523822,0,2.003409147,1.735675454,0.969616771,3.002657652,2.754532337,2.270751476,0.835431397,0.875350356,1.156090617,1.939912558,2.034292698,1.737624645,0.915670991,1.714363694,0.957651079,1.066250682
GSM1523823,0,1.792593241,1.533203006,1.039014101,2.812364578,2.2916224,2.241744757,0.824655414,1.021617532,1.102695704,1.852673173,2.00623703,2.019640207,0.876575589,1.415969849,1.021674752,1.193879485
GSM1523824,0,2.301906109,1.893606901,1.155872703,2.863014698,2.576063395,2.440286398,0.846000552,1.086257458,1.183334231,1.922608733,1.835832357,1.488805294,0.905186355,1.25514555,2.01013875,1.177699566
GSM1523825,0,2.224958658,1.717206001,1.106942058,2.715531588,1.479679585,2.567007303,0.884312332,1.047138572,1.15561831,2.616154432,2.165640831,2.086248875,0.943381369,2.213855743,1.598921418,1.081001163
GSM1523826,0,2.068710089,2.626478672,1.147737026,3.05885911,2.463159323,2.300667286,0.897288859,1.560418725,1.526150465,1.917558074,2.138566732,1.638733268,0.936974823,1.31481266,2.005378485,1.224320889
GSM1523827,0,1.879684567,1.823070168,1.04180491,2.901643991,2.555527449,2.186644793,0.849642098,1.056392789,1.328997493,1.931824803,1.979830384,1.771032095,0.958018601,1.214064837,0.941590548,1.227494121
GSM1523828,0,2.172717094,2.258627892,1.056561708,3.195358038,1.801723599,2.493121862,0.840984166,1.264645338,1.118898988,2.114103317,2.013755083,1.980270743,0.868811071,1.121099472,1.167255282,1.232284427
GSM1523829,0,2.136788607,2.340905905,1.199257731,3.04319644,2.377562523,2.64185071,1.38599205,3.626926899,1.143470287,2.264019251,2.196705341,2.042963982,0.991381466,2.2531569,2.098492146,1.811532497
GSM1523830,1,1.722409368,1.614333868,1.089377284,2.691017151,2.338585854,2.340967178,0.855527222,1.044731855,1.242110372,1.871701837,2.024607897,1.422582865,0.884621501,1.519592166,0.989469051,1.198846221
GSM1523831,1,2.760001183,3.36362505,1.980272532,3.240509748,1.912360787,2.534954548,0.79297477,2.239942551,2.685652971,2.244744539,2.122797012,1.704697251,1.11603868,1.946962357,3.133604765,1.16422534
GSM1523832,1,2.515478134,1.881355643,1.082307935,3.07617116,2.234752417,2.516977072,1.7046808,1.089254379,1.26432085,2.342376947,2.172677994,1.868354797,1.780041218,1.851606965,1.697161078,2.383228302
GSM1523833,0,1.714326382,1.521939993,1.092882156,2.939562321,2.646273851,2.330230713,0.892438054,0.963584363,1.240028977,1.863203168,1.906888366,1.606443644,0.936091304,1.462024093,0.90584743,1.063191652
GSM1523834,0,2.025476217,1.739865184,1.040727854,2.923387766,2.619718552,2.201620102,0.879572332,1.030130982,1.089112997,1.869072556,2.005928755,1.744214177,1.010428309,1.162131667,1.007399559,1.053803086
GSM1523835,0,2.51040554,2.680112123,1.106071234,3.299854517,1.766310334,2.601298332,1.303403616,2.478837729,1.102985978,2.141233683,1.621544957,2.487447739,0.995951176,2.610489845,2.28020215,2.617381096
GSM1523836,0,1.922603726,1.400598049,1.06904757,2.810865164,2.581028223,2.219191551,0.787546277,0.959296763,1.238834143,2.062329769,1.728749394,1.858113766,0.950279713,1.198586106,0.963550091,1.102290273
GSM1523837,0,2.1159935,2.059643269,1.108436465,2.756528616,2.599244118,2.522187233,0.829581201,1.098371148,1.125700116,1.894655466,2.280400515,1.867132425,0.967775285,1.782574415,2.287392616,1.086903691
GSM1523838,0,1.864356637,1.721616507,1.027331352,2.85239315,2.367124081,2.224620104,0.837060511,0.953908682,1.174490809,1.932305217,1.915706754,1.711016893,0.954581201,1.712922096,1.184318542,1.137418389
GSM1523839,0,2.043297529,1.72939527,1.082559586,3.103592157,2.38165617,2.380461693,0.842925251,0.927878857,1.16040659,2.037843943,1.872056842,1.978659153,0.924679816,1.514887691,1.055176377,1.034172893
GSM1523840,1,2.537467003,3.159960032,1.443929195,3.263315678,2.201864243,2.507983446,0.894611418,2.125502825,1.857756615,2.171978951,1.880862117,2.951443911,1.577748537,2.650023699,2.728057861,1.058869362
GSM1523841,1,1.93404603,1.493596435,1.083041787,2.992846012,2.546386242,2.293792725,0.889596641,0.973702312,1.142657518,1.875693798,2.016245604,1.737075567,0.88399148,1.196639419,0.897379756,1.135461926
GSM1523842,0,1.991994858,2.18258214,1.196273923,3.118938684,2.475831747,2.315877199,1.113843799,2.685481071,1.136699557,2.271069288,2.128960371,1.829027891,0.887383997,1.997907877,2.470199823,2.248147488
GSM1523843,0,2.108808517,1.880902767,1.050794244,2.999357462,2.589740515,2.402983665,0.940490603,1.029086351,1.14990294,1.831993937,1.898895979,1.587672353,0.97774905,1.421496153,0.969585061,1.086327195
GSM1523844,0,2.585841894,2.364423275,1.053598642,3.207324028,2.175578356,2.483980656,1.719688296,1.389957905,1.188146114,1.98301816,2.12749505,2.002775431,1.041643858,2.409166574,1.109900355,2.177386284
GSM1523845,0,2.267212152,1.998717308,1.013948798,3.06806159,1.877263427,2.692307234,0.88252002,1.709229946,1.262621522,1.915596485,2.066030741,1.929745674,1.067158937,2.801155329,1.151444316,1.973130584
GSM1523846,0,2.070872784,1.458048463,1.036554694,3.069843531,2.527863503,2.187744617,0.826002836,0.984331667,1.250088811,1.928029418,2.041389227,1.690021276,0.984257638,1.240428686,0.914459586,1.107078671
GSM1523847,0,1.694298267,1.307102919,1.10976243,2.782665491,2.790058136,2.235118866,0.938579321,1.035294533,1.162831903,1.990087986,1.853240609,1.802704573,1.00916636,1.229084969,0.972317874,1.169372439
GSM1523848,0,1.848782659,1.820367575,1.08204031,2.99057889,2.180602312,2.304968834,0.849367559,0.973428071,1.257009387,2.001765013,2.114985466,1.670854926,0.930972576,1.212830544,0.976961851,1.198465705
GSM1523849,1,2.239418745,1.617508531,1.042775393,3.221415281,1.866684914,2.345072269,1.444940686,2.281557083,1.121082306,2.350476265,2.128525972,2.267156839,1.092329144,1.997071028,2.171972275,2.240133524
GSM1523850,0,1.709720969,1.717998028,1.042105913,3.229281187,2.441486597,2.27417779,0.841805398,1.044913888,1.266996145,1.958700061,1.986642957,1.890452385,0.857118189,1.239081621,0.93966186,1.073555112
GSM1523851,0,1.70383513,1.518879414,1.125334978,2.667527914,2.55244422,2.301210165,0.883855939,1.009882808,1.287238836,1.841115475,1.904203653,1.680758119,1.020107269,1.843556523,0.973571062,1.189568162
GSM1523852,0,1.689882159,1.560985684,1.058556676,2.744133472,2.76572752,2.261560917,0.88623625,1.084725142,1.447701097,1.746235847,1.879792929,1.630625844,1.020756006,1.484840751,0.9406811,1.160968781
GSM1523853,0,1.94993329,1.414427638,1.084536672,2.865367651,2.718855619,2.226384878,1.349825501,1.07648325,1.170411468,1.984539866,2.127538681,2.31626606,1.066767812,1.895640373,1.937754154,1.165895224
GSM1523854,0,2.016020775,2.210245848,1.142892599,3.040336847,2.614613771,2.342442989,1.829918027,0.9823066,1.28923893,2.0810709,2.071352243,2.034391165,0.974458516,1.989564776,1.507975221,1.977421761
GSM1523855,1,2.403718472,3.147075891,1.521188498,2.799844265,2.316105127,2.559722424,0.897113025,0.983996332,1.344990253,2.059630632,2.191700935,1.632036209,0.948759556,1.644291401,2.275425673,1.215399265
GSM1523856,0,2.169573545,1.655073762,1.065429091,2.809210062,1.301857471,2.436730862,0.911831558,1.236487389,1.22580564,2.058120489,2.216178417,1.872027278,0.953613341,1.554581523,0.938576579,1.204002619
GSM1523857,1,2.137930632,1.867293,1.091687083,3.172455549,2.095493078,2.396765232,0.867208123,1.071649075,1.208757162,2.044580221,2.148477793,2.442182064,0.979842424,1.58330369,1.162599206,1.142513037
GSM1523858,0,1.752441049,1.847839594,1.068416595,3.410603523,1.518163562,2.432202578,0.879633427,1.402866364,1.114924192,1.928265691,1.911034226,2.269918203,0.985810637,1.118190408,1.104955554,1.166547894
GSM1523859,0,1.865531683,2.144359827,1.110763907,2.967747211,2.212081432,2.540574789,0.833385289,1.039557457,1.437843919,2.065337896,2.045840979,2.028887033,1.046017528,2.40628171,1.276947618,2.082111597
GSM1523860,0,1.879950404,1.418366313,1.076885462,2.78701973,2.511694431,2.275831699,0.884069979,1.054262996,1.146943569,2.104331017,1.891697168,1.670683622,0.953159988,2.022147894,0.96714586,1.177164555
GSM1523861,0,2.100674391,2.860164404,1.140204072,3.004763603,2.483285427,2.381136179,0.854650378,1.29076159,2.506664991,1.93717432,1.80909574,2.094777107,1.070869923,1.289663672,2.182231665,2.85752964
GSM1523862,0,1.760600448,1.541201591,1.054618835,3.38104248,1.667214274,2.322477102,0.891413033,1.271604538,1.178430676,1.886741877,1.952571392,2.380484581,0.94267422,1.248887658,1.000002027,1.129230022
GSM1523863,0,1.823570371,1.427089214,1.021205425,2.67581892,2.297831297,2.240292788,0.965804458,0.920810997,1.096422315,2.03280735,1.935680628,1.997766256,0.906793892,1.857708216,0.933322132,1.042858601
GSM1523864,0,1.517198801,1.563725829,1.089877248,2.913583279,2.424255371,2.354812145,0.891584635,1.017892838,1.191029668,1.870554686,1.847862124,1.562181354,0.89497453,2.232740402,0.977469087,1.086416364
GSM1523865,0,1.786684036,2.253267288,1.037186503,2.851032257,2.231062651,2.491259575,0.903427184,0.992041945,1.156066298,1.873471022,1.606387377,1.675402284,0.90804708,1.307771921,0.848727584,1.135482669
GSM1523866,0,2.260390043,1.902309656,1.0676682,3.188040018,2.295550108,2.473849773,0.841059506,0.88564831,1.245991707,2.142561436,2.166525126,2.214416504,0.938770175,1.530710936,1.020137906,1.019716263
GSM1523867,0,2.084043503,1.617057562,1.036133766,2.827300549,2.559912682,2.44349885,0.888605952,1.048474908,1.25532639,2.006282806,2.148541451,1.57026422,1.071253419,1.349892259,0.945040643,1.14203012
GSM1523868,0,2.023762465,1.49499321,1.092548609,3.147762299,2.36901927,2.255816698,0.883594334,1.144109368,1.218871713,1.977407694,2.168744326,1.653489113,0.917439461,2.05782938,0.848430753,1.074991107
GSM1523869,0,1.841875553,1.547008753,1.064264774,2.843220711,2.86316967,2.337456465,0.924370706,0.949844778,1.146623015,1.896148801,2.022082329,1.374491811,0.97413063,1.321947098,0.897650123,1.025562167
GSM1523870,0,2.035832882,1.46120739,1.036133766,2.832406044,2.6335783,2.135552168,0.911144078,0.929930091,1.182785392,1.932706237,2.145316362,1.793821096,0.919441581,1.290240169,0.897680461,1.001560807
GSM1523871,0,1.773099542,1.566115499,1.139567137,2.814941406,2.306196451,2.371768236,0.903047204,0.948767364,1.162429094,1.974670887,2.069607258,1.730383873,0.926595628,1.223873496,0.956048429,1.100692153
GSM1523872,0,1.947863698,1.650367379,1.078934908,3.113715887,2.303418159,2.294370413,0.929016531,0.907254994,1.211488247,1.888477087,1.961354017,2.005429506,0.919545829,1.149867177,0.946841121,1.183122277
GSM1523873,1,2.055678129,1.650280952,0.954554081,2.908210039,2.448953152,2.30947566,1.073358297,1.074896812,1.240931988,2.130974531,1.859639883,1.504645467,1.322754979,1.266215801,1.089842319,2.185344458
GSM1523874,0,2.484269381,1.337511778,1.063449502,3.04604435,2.191603422,2.577526808,0.901002944,2.236530304,1.15763104,2.062250614,2.018279552,1.847354174,0.847064972,1.650171161,1.716062427,1.265679955
GSM1523875,1,2.72772193,2.296021223,1.386615157,3.09745717,1.460792542,2.657165527,1.526924014,1.766194105,2.695571661,2.264340162,2.284562111,2.415914297,1.562934518,3.093056202,3.084013224,2.860002041
GSM1523876,0,1.857820988,1.735521317,1.079057097,2.595793009,2.516729116,2.247402906,0.870844603,0.905689418,1.184260368,1.862619758,1.805088997,1.646941423,0.929864228,1.633218408,0.95591259,1.084829569
GSM1523877,0,2.412196636,1.67816937,1.033910751,2.67557621,2.161895037,2.383772612,0.848714292,1.034370422,1.671231031,2.15888238,1.951817155,1.597900987,0.985157073,1.701868773,1.806159496,1.107606769
GSM1523878,0,1.763805747,1.496163368,1.01943469,2.889602423,2.612747431,2.379704714,0.890531301,0.969158828,1.13391614,1.922045827,1.90140152,1.67542851,0.926323473,1.209361911,0.948566616,1.061813474
GSM1523879,0,2.22889781,1.889389396,1.039887309,2.862245798,2.334339857,2.694160223,0.832454503,1.466593862,1.073564768,1.981183171,2.683479548,1.844300032,0.882944167,1.575112581,1.811401844,1.578103304
GSM1523880,0,2.009490013,1.461580753,1.079783201,2.683478355,2.510709286,2.261826754,0.942325056,0.945274174,1.264061332,1.985638142,1.861313581,1.656779766,0.918212533,1.286885738,1.110512376,1.06144464
GSM1523881,1,2.224057436,1.605693698,1.499008417,3.190318823,1.995274663,2.386974335,0.997198582,1.91257894,1.204238296,2.062009096,2.090072393,2.142523527,1.10958302,2.159270525,0.96605581,1.150565624
GSM1523882,0,1.56904757,1.535970092,1.018517494,2.751029253,2.474186659,2.301779032,0.884058595,0.917193234,1.204145193,1.97200501,1.848707914,1.568408012,0.948229134,1.384207606,0.963355839,1.119941473
GSM1523883,0,2.00475955,1.52358079,1.066626668,2.857079744,2.578459978,2.504688025,0.959013224,0.977792978,1.222410321,1.74779284,1.871006131,1.781517506,0.920901,1.242106318,0.946327507,1.117317319
GSM1523884,0,1.98696661,1.866173744,1.063104272,3.024616957,2.364153862,2.263653517,0.850114703,1.329487562,1.200429678,1.915340066,1.938973665,1.655366659,0.951938748,1.281844378,1.173986316,1.131660223
GSM1523885,0,1.830228567,1.488863111,1.086967826,2.791355371,2.612907648,2.269304037,0.877246559,0.980217457,1.157615423,1.924273849,2.121358156,1.699796319,0.916287124,1.248734832,0.976353467,1.156775236
GSM1523886,0,2.101493597,1.498842478,1.066696167,3.286178827,2.288767338,2.259425163,0.837560534,0.963962495,1.158581376,1.873886466,2.054091692,2.160200834,0.875962377,1.261397839,1.289663672,1.117187619
GSM1523887,0,2.01457715,1.598749161,1.02186203,2.873750448,2.438611507,2.495803356,0.884723544,1.007246971,1.311552167,1.750592589,1.979125857,1.684137583,0.99005723,1.657570839,0.997851789,1.077640653
GSM1523888,0,2.007923841,1.50157845,1.096856117,2.686748981,2.617794991,2.208938837,0.947050035,1.019554257,1.057952762,1.857907176,1.813773274,1.791118503,0.925866485,1.283763885,0.952456772,1.037189841
GSM1523889,0,1.659234047,1.618003845,1.11525774,2.602297544,2.34154892,2.260723829,0.863990068,1.484031796,1.226920247,2.138461351,1.875408411,1.932863355,0.893110573,1.323323369,1.024463415,1.087577105
GSM1523890,0,1.906479597,2.014514208,1.044804454,2.741764784,2.645750284,2.249603748,0.879131615,1.006309867,1.279374123,2.142685175,1.906479597,1.647694945,1.031373978,1.300569296,0.913552582,1.090515494
GSM1523891,0,1.947929859,2.018438578,1.036563039,2.992366076,2.226410389,2.580166101,0.896406531,1.031720638,1.151867509,1.80118835,2.001522303,2.294708729,0.9196527,1.359101057,1.051598907,1.169880509
GSM1523892,0,1.772665143,1.517726183,1.240124941,2.783090591,2.455260992,2.134106159,0.86451298,1.086031318,1.316722989,2.014974356,1.788320184,1.555822372,0.998460174,1.327613592,1.067105532,1.132232785
GSM1523893,1,2.08350563,2.543551922,1.400007725,3.064759254,2.538053274,2.572486877,0.934527457,2.631580353,1.152959943,2.176911354,2.317003965,1.72371304,0.977734268,1.605553031,2.981948137,1.137068629
GSM1523894,1,2.077967882,1.585779071,1.12462616,3.040701151,2.003724337,2.61347127,0.915060401,0.957663417,1.269914627,2.115225315,1.9516958,2.021534204,1.001294971,1.314292431,0.96292299,1.147158146
GSM1523895,0,2.429317236,2.942688704,1.06478858,2.939915657,1.856428504,2.524115562,0.878739417,1.154067159,2.007556438,2.124360085,1.905113816,1.778761268,1.025268435,1.884060979,0.987828076,1.14309752
GSM1523896,0,2.027977705,1.507569075,1.160433054,2.933303833,2.338182926,2.26247716,0.819568038,0.972520471,1.354640722,1.971468091,1.911836147,1.490827918,0.935970306,1.305922866,0.943031847,1.027537227
GSM1523897,0,2.22474432,2.550657749,1.108092904,2.971220255,2.428024292,2.577277184,0.924259007,1.017866373,1.170409441,2.198671579,1.909993529,1.601599097,1.057988286,1.305404305,0.935578942,1.192445993
GSM1523898,0,2.140797138,2.002188206,1.303159714,2.846417189,2.444190025,2.468692541,0.867138863,1.054990292,1.170387745,2.057614326,2.018091202,1.816371679,1.036719918,1.608627558,2.375171185,1.156291127
GSM1523899,0,1.690871835,1.710979819,1.135873437,2.857297182,2.517623663,2.485274553,1.377194285,1.008414388,1.201989889,2.135857105,1.813501954,2.150004864,1.045455813,1.673971772,0.986888885,1.237089872
GSM1523901,0,1.61149323,1.511361241,1.15291965,2.632050753,2.579464674,2.243579865,0.886492133,1.042533398,1.179244041,1.746678352,2.005324841,1.740264297,1.009212613,1.990624666,1.004914284,1.197626472
GSM1523903,0,2.573595524,1.526403904,1.049469113,3.145757437,2.216010332,2.496740341,0.851177633,1.023943305,1.264282584,1.848677278,2.119013309,1.809941888,0.951815248,1.774319649,1.045128345,1.109835863
GSM1523904,0,2.076565027,1.708870173,1.159300566,3.028250456,2.403199434,2.605135202,0.900581539,0.995712996,1.189723611,2.587834597,1.926652193,2.152189016,1.06223762,1.279494286,0.939311087,1.267645478
GSM1523905,0,1.984835029,1.474662542,1.143952489,3.018785954,2.566706419,2.201429129,0.889276028,1.018464565,1.1686306,1.729471803,1.933794379,1.606392622,1.043474436,1.292812467,1.005483508,1.194652557
GSM1523906,0,1.69618392,1.578617215,1.063836932,2.955172539,2.311013699,2.240188837,0.891332924,0.965415239,1.215973973,1.98384726,1.983288884,1.609613776,0.980937839,1.263480783,0.927408993,1.127146006
GSM1523908,0,1.945908427,1.553549886,1.102373004,2.905970812,2.382107019,2.381572008,0.858047783,1.016665578,1.199909449,2.025820017,1.87755537,1.821972013,0.95851326,1.579679012,0.922778547,1.274593472
GSM1523909,0,1.625943661,1.45864141,1.1854074,2.611382246,2.473191738,2.125679731,0.887642324,1.02271235,1.310297728,2.316905975,1.985465288,1.611480951,1.104817748,1.306578279,0.994784653,1.251006365
GSM1523910,0,1.778550863,1.41262424,1.092858076,2.745114803,2.133443117,2.164201498,0.918426573,1.122710347,1.181361794,1.877110839,2.167121887,1.660083532,1.005622864,1.940920353,0.984731078,1.206962943
GSM1523911,1,2.66846776,2.319186926,1.064902902,3.189927578,1.669731498,2.552964687,1.636589408,1.138102531,1.148191571,2.286334038,2.279541016,2.066295624,1.131688595,1.944841623,1.647814631,1.202706695
GSM1523918,1,1.840985656,2.074308634,1.037943006,3.225289583,2.216867447,2.294816971,0.938448429,1.03222847,1.138785601,2.013375759,2.158087492,2.112442017,0.982874095,1.281419396,1.030278802,2.10370326
GSM1523919,0,1.827831626,1.537959337,1.030910611,2.938468218,2.674064159,2.350488901,0.922738492,1.042859435,1.164699793,1.857537866,1.932976246,1.614593983,0.918378413,1.318544865,1.016348243,1.065837026
GSM1523920,0,1.724775434,1.234369278,1.085863948,2.828894138,2.65982461,2.164063454,0.945026159,0.978616357,1.225279689,1.686718941,1.779237747,1.678382277,1.084166169,1.292008638,1.004134297,1.120999336
GSM1523921,0,2.102139711,1.426738262,1.130202055,2.770053625,2.378940582,2.150696993,0.786246419,0.987559617,1.265712023,1.808124661,1.946090341,1.601589441,0.974607468,1.270870686,1.402550578,1.181711555
GSM1523922,1,2.432871819,2.155042887,1.051347613,3.017319918,1.955892444,2.82035923,0.808999717,1.928886414,2.360399961,2.058594704,1.952224016,1.828441858,0.998028219,1.704275846,2.201455355,1.268443108
GSM1523923,0,1.712599397,1.637968063,1.018211126,2.874308586,2.682688236,2.450339556,1.013712764,1.048656106,1.217415333,1.75560236,2.045593023,1.534931183,0.927622139,1.269604564,0.949540138,1.101085544
GSM1523924,0,1.939134955,1.571679115,1.062787294,3.082658529,2.665782452,2.23456955,0.827843308,1.029891968,1.179998159,1.728013277,1.738716364,1.494337201,0.981648326,1.287142873,1.007549763,1.13086617
GSM1523925,1,2.078391075,1.533072233,1.373476744,3.349413157,1.942978501,2.588665485,1.485524893,3.788140297,1.446095109,1.826751113,2.46534133,2.411517382,1.30527091,3.081857681,1.813135624,2.511564016
GSM1523926,0,1.910567522,1.449090362,1.1103549,2.695456028,2.61937952,2.389786482,0.864475965,0.955436707,1.164419532,2.002773523,1.623210669,1.195154428,0.8243559,1.158240914,0.943773329,1.241291404
GSM1523927,0,1.789745569,1.540687799,1.031033158,2.897838593,2.718921661,2.209234715,0.878739417,0.974862754,1.143134356,1.718518019,1.967765927,1.663249493,0.89769733,1.234364748,0.942081511,1.206985474
GSM1523928,0,2.584578276,2.939543962,1.120989084,3.170495987,1.951330066,2.706120014,1.034219265,1.127594829,1.733089805,1.971449733,1.529091239,1.773409247,0.956603765,1.420687556,1.360199809,1.437845111
GSM1523929,0,1.796312928,1.684271812,1.011157036,2.741696358,2.566633701,2.275515079,0.882582903,1.042739391,1.211759925,1.638978362,1.667852759,1.544947982,1.025547743,1.193325281,1.058640361,1.194173694
GSM1523930,0,2.831665039,2.43994379,1.008045912,3.208672762,2.19600749,2.509247541,0.985948741,1.074552774,1.077886343,1.866656303,1.8384974,1.941294312,1.031679511,1.311943531,1.610637784,2.688432693
GSM1523931,0,1.784288526,1.81296134,1.087674618,2.839644909,2.645116568,2.260418653,0.941495359,0.986098111,1.308930874,1.961657047,1.801793933,1.714524508,0.896431804,1.156062961,0.927247941,1.110716343
GSM1523932,0,2.123237371,2.723567247,1.249532223,2.951252699,2.319181442,2.555474997,0.897295773,1.668391347,1.232079029,2.111226797,2.078216553,1.659315825,1.041481614,1.789697766,2.263504505,2.314054489
GSM1523933,0,1.937478423,1.719265461,1.143223763,2.877434015,2.257086277,2.307789564,0.921891093,0.991441965,1.181660175,2.086244583,1.980747938,1.875306606,0.96255368,1.601392269,1.016542196,1.132769823
GSM1523934,0,2.001130581,1.581936836,1.159903169,3.177925587,2.274662495,2.554270983,0.957486391,1.038151979,1.205089569,1.866567492,1.94380188,2.122234583,1.12275219,1.916525483,0.972337425,1.120282531
GSM1523935,0,2.80207634,1.974508762,1.012366891,3.496571779,1.898768067,2.420140982,0.884176552,1.029871821,1.233548284,1.968072176,2.0264256,2.075928688,0.939686239,1.454438448,1.156471729,1.25626421
GSM1523936,0,1.912043571,1.699985981,1.07156539,3.1075418,2.501323223,2.275636435,0.840137362,0.945217907,1.382606864,1.764923453,1.873721242,1.690789461,0.943858147,1.359491706,0.864619553,1.131748199
GSM1523937,0,2.073202133,1.999085188,1.127333522,3.080530405,2.387975216,2.417275667,0.965492904,1.004324317,1.237897038,1.874528766,1.581555247,1.681344986,0.952796042,1.15727067,0.980585933,1.082737446
GSM1523938,0,2.145231009,1.759485126,1.093224764,3.421061516,2.323626041,2.314489841,0.873653173,0.88910532,1.191970944,1.874257326,1.928912878,2.134999514,0.957250416,1.081012249,1.072701693,1.109585404
GSM1523939,0,2.024765968,1.707639098,1.166535139,3.248483896,2.194385529,2.358545542,0.865938663,1.197000384,1.266163111,1.835837841,1.750848293,2.116260529,0.983316302,1.212152362,0.94890523,1.204814672
GSM1523940,0,2.158658743,1.518404961,1.020613551,2.969536543,1.760943294,2.461103201,1.150670528,1.130602479,1.148191571,1.955842495,1.954595566,1.698047042,1.08698678,2.025621653,1.116947651,1.12534976
GSM1523941,0,2.24294591,1.582422853,1.059803247,3.247888088,2.02362299,2.280236006,0.828274071,0.938191891,1.152543545,2.042571306,2.136626005,1.733178973,0.857581794,2.048276663,1.003473043,1.215023279
GSM1523942,0,2.190173626,1.562867284,1.074635863,3.071980953,2.413971901,2.552322149,0.914913177,1.012326002,1.197454572,1.86599195,1.915884018,1.804754257,0.855563998,1.563835263,1.119332194,1.093557954
GSM1523943,0,2.039910555,1.605635285,1.066033363,3.12671423,2.421066284,2.28917098,0.927230775,1.088343859,1.187405944,1.858136773,2.016119957,1.650645614,0.917235076,1.666374326,0.989031315,1.69397223
GSM1523944,0,1.95510006,1.705977321,1.014183283,2.956157923,2.115815163,2.434641123,0.960050881,0.984839857,1.298286796,1.922588348,1.881397724,1.905610442,1.034576535,1.77532804,0.91976738,1.495905042
GSM1523945,0,2.031689405,1.988578916,1.015710354,3.285796642,2.416695118,2.354578495,0.856152833,0.981759965,1.198313117,1.658079267,2.048887253,2.107034445,0.903168857,1.256518483,1.198158622,1.005835772
GSM1523946,0,2.004584074,2.063596725,1.115293622,3.194527388,2.427916765,2.707423687,0.825729787,2.409617662,1.258057594,1.963874221,2.002086401,1.6570822,0.888138413,1.481251717,1.026713014,1.910265684
GSM1523947,0,1.623738647,1.496548653,1.059639096,2.60435605,2.431193352,2.264682293,0.920271575,0.982837081,1.140203238,1.920342922,2.009489775,1.823252916,1.034283042,1.229719043,0.995933652,1.09078002
GSM1523948,0,1.922628403,1.391084194,1.044553876,3.204133034,2.515321732,2.441928387,0.941189289,0.976483226,1.099007249,1.667108059,1.841616631,1.7418859,0.84247005,1.102919698,1.029031634,1.036666632
GSM1523949,0,1.892593265,1.576019406,1.117045164,3.219880104,2.012137651,2.311445713,0.900882542,1.003456354,1.128921747,1.720771194,1.938591003,1.97886169,0.859638095,1.460262179,1.164427042,1.200578332
GSM1523950,0,2.353013992,2.457507133,1.05765903,2.725115776,2.30273819,2.417920351,0.87348336,1.024493217,1.148391485,1.918174267,1.964446783,1.46550405,0.970851839,1.233611941,0.937613606,1.093258142
GSM1523951,0,1.938550353,1.956604123,1.117701769,3.023048639,2.289659023,2.300998926,0.817797661,0.945953369,1.306378603,1.881809592,1.76506114,1.442909598,0.929506004,1.253134251,1.017604828,1.051844239
GSM1523952,0,1.905147195,1.65688777,1.056244135,3.061321497,2.645495892,2.278935671,0.881121993,1.065382242,1.214258909,1.670055628,1.848002315,1.594516873,0.964416444,1.323836565,0.985483706,1.157921553
GSM1523953,0,2.504339695,1.431643605,1.368019462,3.221647024,2.51807189,2.446387529,0.975413978,2.609496832,1.554926872,1.980858326,2.300351381,1.318949342,0.996217489,1.517993093,1.745559812,1.303780198
GSM1523954,0,1.687283039,1.178902984,1.128572941,2.660294294,2.887313604,2.254651785,0.906282067,1.017769456,1.151271462,1.501173973,1.80459106,1.256927609,0.958286881,1.270259261,1.028391957,1.215218425
GSM1523955,0,1.992880225,1.622535944,1.160801411,2.930657625,2.344824076,2.097018719,1.015358448,0.894462168,1.323851943,1.388279915,1.766813874,1.352237582,0.953438461,1.416692615,1.027686596,1.190308094
GSM1523956,0,2.325867653,2.875976563,1.460186958,3.073952675,2.001965523,2.547459364,0.932803154,1.163934946,1.335096836,2.34867692,1.97563827,2.20315814,1.137290716,1.616968155,2.251633883,1.248681784
GSM1523957,0,1.822239399,1.694427729,1.146336675,2.892050505,2.601716518,2.235262156,0.965233386,0.881470025,1.191539645,1.675883651,1.704885483,1.373963833,1.076112151,1.245283127,1.055744171,1.05504477
GSM1523958,0,1.854095817,1.762561321,1.027135372,2.981828451,2.695761442,2.220236778,1.015866637,0.986539423,1.328818321,1.688149452,1.912145138,1.74303329,1.082003236,1.223497868,0.961346209,1.33497107
GSM1523959,0,1.913581491,1.749885559,1.10167706,2.914294958,2.845775843,2.437731266,0.863088489,1.076772332,1.245453596,1.926228285,2.011784554,1.418678761,1.044692993,1.535394192,1.695016861,1.100329995
GSM1523960,0,2.239858866,1.556332588,1.118643165,3.213856459,2.60027194,2.566477299,0.929819643,1.005449533,1.350742936,2.071851969,1.882565379,1.62915659,0.890437365,1.923331857,1.193430066,1.197587609
GSM1523961,0,2.08996129,1.154950023,1.051825285,3.022166491,2.522025824,2.550235987,1.706101298,1.119667768,1.16613543,2.110029459,2.020715714,1.568851233,1.009249091,1.997736096,1.029863954,1.580747962
GSM1523962,0,1.742481351,1.881954908,1.018866062,3.266864777,2.476405859,2.26248908,0.794675231,1.057426572,1.21030879,1.755201817,1.996677518,1.926973104,0.8980968,1.114094853,1.162290931,1.10095942
GSM1523963,0,1.919951916,1.65666914,1.106734633,2.867297173,2.765947104,2.204504967,0.893908858,1.118004918,1.084291101,1.751730561,1.995072484,1.611796498,1.080541134,1.227102637,0.947774529,1.179848194
GSM1523964,0,1.889264822,1.264914751,1.052080512,2.746867657,2.804035902,2.300820589,0.908874571,0.999403656,1.072483778,1.773443341,1.841924906,1.420801997,1.007992864,1.182186961,0.822603583,1.170193672
GSM1523965,0,2.08218646,1.397624135,1.069666982,3.398532152,2.266707897,2.43802309,0.850844085,1.032722473,1.096255183,1.973264575,1.93624723,2.031443357,0.862102628,1.198812485,1.251208544,1.132798076
GSM1523966,0,2.134311676,2.266787052,1.02530396,3.112252951,2.644960642,2.336351871,0.925833404,1.855345368,1.177297592,2.048950672,2.055361271,1.398327351,1.060255408,1.826170802,0.944803476,2.055930376
GSM1523967,0,2.020713568,2.690723896,1.260290623,3.137626648,2.57321763,2.35606432,1.056227326,1.213021755,1.364468813,1.950404406,2.023584127,1.627964497,1.001344085,2.022687674,1.200650334,2.260163546
GSM1523968,0,1.891816497,1.730985641,1.05796051,3.420408249,2.268012762,2.340729237,0.789714277,1.258765697,1.177927971,1.801100969,2.042180777,1.927249432,0.912552595,1.373833418,0.95826906,1.20372355
GSM1523969,0,2.016254425,1.590368271,1.073416948,3.083377838,2.695034027,2.232607603,0.871410489,1.074363947,1.184135556,1.642548561,1.863571644,1.493350744,0.974706233,1.333778739,1.016695142,1.206915855
GSM1523970,0,1.996519446,2.06241703,1.031710744,2.959853172,2.306668758,2.496187687,2.199566841,0.957482815,1.327691913,2.032244921,1.893251181,2.047165394,0.948390484,1.94491446,0.957434297,1.437689424
GSM1523971,0,1.85081017,1.712749362,1.185212612,3.113342762,2.440945864,2.122751951,0.935255647,1.152046919,1.167010188,1.476732135,1.797315001,1.457341909,1.046985269,1.410815835,0.965372741,1.302182913
GSM1523972,0,2.815797567,1.530789614,1.100632191,3.056962729,2.328541517,2.469165087,0.897105217,1.110160947,1.27678597,2.059062958,2.093697309,1.828634739,1.119723201,1.989835024,0.944396436,1.055731177
GSM1523973,0,2.065689802,1.552628756,1.18443048,2.965740919,2.361263514,2.242590904,0.834080696,1.102713585,1.208337069,1.684347987,1.830437303,1.585066319,0.967724144,1.32362771,0.930562258,1.136079073
GSM1523974,0,2.708298445,2.747164488,1.262608886,3.152925014,1.98340559,2.60137248,0.940228343,0.983552337,1.543933868,2.060078859,1.901900053,2.288663626,1.149882197,1.652387619,0.940636575,1.143526554
GSM1523975,0,1.916555643,1.466861367,1.008410454,3.195394278,2.438073397,2.260732889,0.908155084,1.084240556,1.237756133,1.835575223,1.880564451,1.808232665,0.952787638,1.196186066,1.127626419,1.06182909
GSM1523976,0,2.274242878,1.89637661,1.04556179,3.013903141,2.677591801,2.51897645,1.426590443,1.094282866,1.26551199,1.907661319,2.013333559,1.45914185,1.154828191,1.693834305,1.24979341,2.417979002
GSM1523977,0,2.236052275,2.049757957,1.716538429,3.358356953,2.222667456,2.519387722,1.203156352,3.924717665,1.413051367,2.004504204,2.310045481,2.108890057,1.071301699,2.90085578,1.695299149,2.65415144
GSM1523978,0,1.82101953,1.707799077,1.034590721,2.944863796,2.522773027,2.652121544,0.808631897,1.058812499,1.256974578,1.6104635,1.874933958,1.331487656,1.064104319,1.230602264,2.274733782,1.175913215
GSM1523979,1,1.834140301,1.810315847,1.094237447,2.675957203,2.27637887,2.191258192,0.82171011,1.036738276,1.219226241,2.031249046,1.978396893,1.775603771,0.963212311,1.469078064,0.997097135,1.125959039
GSM1523980,0,1.996613622,1.729894161,1.109399676,3.155414581,2.490451336,2.160903931,0.844921052,0.879023254,1.188631415,1.687454224,1.856606126,1.587425709,0.982993603,1.092738271,0.938735008,1.031420588
GSM1523981,0,2.261528015,1.998721719,1.024343729,3.449457645,1.959226608,2.332811594,0.89333421,1.041085124,1.162429094,1.857222319,2.250836134,2.00705266,0.94176662,1.167065382,1.337203503,1.191452265
GSM1523982,0,2.435013533,1.339477777,1.068998694,3.494305134,1.838358283,2.333323479,0.91902262,0.989585817,1.210787773,1.828277707,2.063299179,2.032667637,1.00822258,1.115517855,1.134496927,1.153306723
GSM1523983,0,2.124158859,1.283234596,1.042019844,2.933313131,2.639062166,2.177979708,0.837057233,1.067607403,1.049867034,1.875374675,2.040838242,2.113353729,1.359070778,2.129512787,1.011310935,1.511547565
GSM1523984,0,2.202068806,2.420895338,1.149881601,2.902184963,1.440239668,2.310371637,1.111172438,1.492846012,1.174581766,2.345131636,2.37545085,2.540027618,0.982613981,2.483837366,2.544322014,2.859120607
GSM1523985,0,2.070476532,1.622733474,1.024893999,3.278053999,2.773884773,2.309742928,0.843626022,0.991888404,1.189109445,1.801452279,1.869185805,1.763167977,0.891262233,1.384408951,0.933712304,1.055612564
GSM1523986,0,2.013368607,1.738880157,1.109809399,3.149511337,2.667061567,2.252770662,0.871604621,0.889258265,1.177636027,1.747104049,1.923822165,1.424057364,0.923636794,1.186213255,0.936280072,1.054048419
GSM1523987,0,1.94415915,1.837221265,1.132421494,2.949039936,2.728125572,2.27219224,0.879634321,0.999707937,1.259153128,1.722563982,1.84007287,1.380710483,1.045661688,1.287710309,1.000219464,1.12678206
GSM1523988,0,2.136285543,1.787227035,0.970075488,3.518625021,1.86612165,2.391606569,0.80760181,1.033523321,1.112178445,1.802368045,1.967887878,2.141030073,0.97707206,1.311025143,1.079095602,1.160746694
GSM1523989,0,2.093298674,1.528831124,1.056383848,3.318741322,2.52858305,2.447242498,1.049574137,0.928342164,1.232475162,1.726520181,2.03679347,1.631664991,0.922089458,1.580411673,1.142610192,1.80721879
GSM1523990,1,2.526491165,1.837326646,1.155774832,3.153843164,1.576534152,2.941920519,1.12858367,1.291565895,1.594929457,2.519298553,2.192075968,2.183674574,1.010421395,2.42399621,1.082258582,1.198022604
GSM1523991,0,2.225008488,1.828573346,1.069466591,3.14961338,2.507403851,2.385756731,0.869210839,1.080641985,1.168996453,1.990861297,2.027261257,1.943427086,1.0162462,1.214998603,0.980587721,1.187181592
GSM1523992,1,2.015086174,1.588614225,1.070045114,2.831423044,2.482168913,2.347351551,0.910177112,0.991749942,1.230088353,2.004669428,2.080164909,1.400330663,0.891755342,1.211999416,0.935208678,1.148834348
GSM1523993,0,2.542957306,2.864063025,1.018750548,3.076093197,2.461492538,2.240592957,0.927363276,1.088583469,1.240305543,1.944720984,1.860797405,1.699705958,0.878553033,1.270246029,0.925508261,1.115017176
GSM1523994,0,1.744698524,1.67829752,1.125844359,2.938471079,2.780614138,2.332380056,1.051335812,1.0401299,1.268577814,1.75948298,2.015929937,1.499298215,0.896638632,1.310392261,1.015136361,1.924702644
GSM1523995,0,2.125313997,2.11574316,1.04572463,3.071544647,2.210323334,2.539125204,1.596330523,0.923185527,1.176151037,2.003332615,2.040947914,1.701624036,1.071589351,2.414998531,0.970045984,1.600525022
GSM1523996,0,1.967434525,1.463923573,1.136354804,3.216499567,2.844461918,2.173143864,0.870179594,1.109180808,1.14259696,1.583146572,1.843166351,1.505958796,1.037822604,1.294133902,1.090944409,1.215459585
GSM1523997,0,2.095742226,2.077641487,1.15633595,2.9192698,2.533351898,2.410758734,0.826827645,1.078109741,1.07802248,1.93645215,2.04025054,1.395174384,1.152496338,1.154294968,0.929083645,1.173049808
GSM1523998,1,2.385143518,2.354737282,1.147333622,3.069169521,2.058944225,2.592694044,0.900936425,1.076729178,1.190682292,2.040457964,1.635883451,1.708906412,0.976624668,1.852778554,0.976266742,1.277991295
GSM1523999,0,1.809839606,1.633862853,1.101158977,3.011079788,2.538445473,2.367589235,0.917416275,1.002945542,1.380186915,1.957081199,2.086946726,1.638549805,1.011201262,1.367869139,1.118280649,1.394420266
GSM1524000,0,1.965070844,1.719194889,1.136250377,2.951206207,2.625067472,2.154920578,0.875751376,0.958223343,1.262094378,1.567961097,1.937873363,1.670781136,1.021965861,1.341666937,1.016694546,1.297713518
GSM1524001,0,2.212223291,2.102267027,1.098804951,3.088459253,2.220315695,2.585006237,1.041719437,1.169847727,1.218749404,1.899202108,2.083121061,1.658053398,1.01363337,2.345877171,1.094253063,1.822205067
GSM1524002,0,1.698840499,1.640288353,1.132402062,2.726340532,2.596466303,2.197814465,0.855177701,1.021466136,1.278770328,1.818456292,2.149509907,1.168353081,1.033798695,1.813607812,0.894839942,1.163881302
GSM1524003,0,1.785240889,2.193289757,1.099613547,2.583830357,2.37514329,2.418435574,1.402206779,1.050433636,1.190903544,1.78538239,2.092971802,1.375554442,0.947620451,1.361085534,1.029841304,1.102772832
GSM1524004,0,1.979187369,1.710748553,1.128780842,2.983684063,2.671339989,2.448946476,0.878253222,1.042188406,1.313475847,1.820956945,1.929513812,1.324217916,0.923933923,1.239540339,0.936178267,1.208927035
GSM1524005,0,2.042330503,1.518561125,1.158701181,2.945344687,2.278383732,2.459186554,1.582447529,1.657900095,1.184540391,2.05436492,2.118035078,1.79217422,1.259643197,1.724077702,1.654573202,2.329211235
GSM1524006,0,1.91885066,1.612707973,1.068291426,3.374901295,2.139241695,2.301791668,0.865944684,1.106514931,1.189768076,1.843953848,1.992369413,2.117153883,0.918964446,1.08101368,1.066318989,1.062558174
GSM1524007,0,1.844725132,1.814832807,1.171776772,3.128968954,2.622603655,2.434111357,0.972860932,2.24402523,1.18889153,1.975560188,2.086701155,2.101449728,0.90546906,2.760307312,1.098047853,2.54475522
GSM1524008,0,1.592144608,1.400990963,1.103860974,3.054515362,2.199442387,2.396416903,0.865088522,0.957331657,1.208337069,1.941721082,1.868059993,1.439508915,0.948587656,1.615853548,0.911085367,1.171398997
GSM1524009,0,2.161895514,1.578404069,1.10296011,3.189277411,2.406244993,2.292900085,0.893476903,1.001053572,1.08627665,1.808210135,1.84703207,1.492310166,0.948662937,1.221871972,0.986621618,1.096961141
GSM1524010,0,1.873932481,1.70669353,1.025850296,3.060710669,2.525500774,2.134565115,0.870622993,1.060295701,1.255359292,1.757089853,1.981173754,1.790464044,0.963641584,1.296487451,0.964484751,1.116474748
GSM1524011,0,1.86335814,1.467131615,1.139863014,2.815235376,2.602016926,2.39197278,0.940473437,1.000230312,1.197103024,1.837838888,1.794828057,1.637225151,1.009123921,1.180461168,1.093476772,1.290810943
GSM1524012,0,1.909830809,1.695379019,1.036054373,2.953039169,2.578674555,2.354580164,0.90270859,1.412620068,1.205705881,1.971451163,2.072278023,1.593852401,0.912494183,1.777803063,1.025851846,1.141910315
GSM1524013,0,2.154015779,1.992647052,1.052555203,3.049388885,2.227128029,2.555470705,0.856980324,1.051400781,1.207879782,1.703439593,2.175997734,1.701146364,0.845986128,1.188263535,1.363707662,1.276235342
GSM1524014,0,1.826918483,1.26683259,1.157985926,2.987879276,2.362302542,2.601055145,0.912303627,0.97300297,1.112024426,2.249554396,2.07649684,1.431007266,0.971137762,1.395864964,1.004588008,1.2096802
GSM1524015,1,2.091899395,2.191477537,1.24166286,3.352953434,2.35418725,2.654964209,1.695166349,2.687564373,1.407826424,1.958961368,2.189059019,1.972267032,1.114340186,2.746445656,1.007352948,2.945766211
GSM1524016,0,1.704444289,1.744929314,1.070705652,3.022603035,2.470855713,2.471894026,0.898007989,0.995008588,1.251490712,1.769132853,1.907830596,1.555711627,0.839304149,1.247273803,0.926483333,1.093910456
GSM1524017,0,1.840013266,2.406204462,1.072180629,2.906567097,2.551665068,2.457197666,0.817570984,0.957430124,1.193157911,2.018089771,1.943870187,1.596810341,0.960967839,1.3236202,1.058936477,1.102194548
GSM1524018,0,1.829864979,1.591657639,1.110438228,2.673261404,2.587914467,2.220607042,0.925885499,0.999140501,1.092282295,2.007805347,1.790675998,1.782013893,1.102135897,1.710732937,1.134567976,1.108895421
GSM1524019,0,1.916931272,1.826569319,1.136129975,3.182823181,2.423646688,2.234106064,0.839094043,1.048180103,1.276120305,2.120984793,1.934045196,1.857875347,1.060391426,1.400831342,0.943384647,1.179434896
GSM1524020,0,1.798593521,1.640650153,1.090369701,3.000259638,2.659992933,2.391055584,0.820023775,1.048045635,1.14331007,1.916544795,2.011884928,1.547295094,0.867955565,1.330806136,0.811451375,1.120673299
GSM1524021,0,1.958990097,1.483249426,1.033421516,3.219819784,2.546001434,2.153757334,0.970115542,0.896496534,1.180428386,1.954169869,1.9403373,1.805272102,1.069438577,1.202865005,0.948363066,1.130512714
GSM1524022,0,1.942185521,1.526102901,1.133047104,3.243420601,2.249464512,2.282791853,0.853995562,1.012595654,1.131243944,1.764572501,2.007915497,1.894962788,0.936974823,1.164930463,0.912005603,1.756270051
GSM1524023,0,2.40324688,2.062122583,1.166035533,3.081538916,2.510801792,2.379001617,0.908628345,0.963052452,1.032229781,1.708673716,1.842389703,1.533391118,0.945205867,1.693568349,1.009186149,1.410531759
GSM1524024,0,2.058197975,1.718850851,1.08115983,3.235175371,2.56266737,2.166478395,0.865087032,1.010790944,1.223510504,1.660381198,1.866382599,1.543034196,0.943873227,1.259097338,1.003824592,0.965780735
GSM1524025,0,2.251665831,1.362954021,1.085673451,3.032440662,1.942794085,2.380894661,0.884185612,1.017542481,1.300550342,1.928269863,1.799242973,1.922189474,0.869151294,1.210749626,1.0366745,1.125707746
GSM1524026,0,2.409537792,2.003713131,1.078799367,3.357682705,2.094483376,2.331569195,0.835023165,1.086241126,1.12368989,1.740587354,2.03319788,1.975152612,0.917633355,1.812534451,1.093385458,1.111658692
GSM1524027,0,2.187283993,1.501698017,1.120724678,3.067841768,2.310480833,2.701904058,0.896093726,1.037142277,1.116949201,1.863531232,1.987267375,1.808264375,0.965607584,1.329573631,1.065027833,1.940489054
GSM1524028,0,1.952608466,2.380727053,1.080310225,3.056544065,2.219632864,2.63985157,0.854399323,1.07672286,1.349497557,1.539028883,1.947172523,1.865735412,0.906325161,2.355203629,1.157510996,2.509769201
GSM1524029,0,1.949382067,1.675594687,1.18896997,3.245696306,2.078562737,2.264185905,0.860931993,1.087329984,1.291554689,1.433538318,1.829477072,1.793329358,1.160164475,1.32322681,0.998384356,1.173498869
GSM1524030,0,1.929445505,1.650161624,1.043886542,3.357727766,1.953957081,2.294505596,0.857804537,1.332487583,1.304592967,1.832295179,1.992701173,2.173123837,0.994256914,1.380646467,1.100077391,1.209514499
GSM1524031,1,2.289602757,2.487433434,1.071249604,3.032871008,1.883746028,2.530761242,1.327333689,1.103785157,1.162183166,1.72224462,2.216423512,1.813076019,0.902531266,1.288685918,0.914954185,1.221651435
GSM1524032,0,2.317563057,1.283815503,1.108118773,3.084744692,2.486023903,2.334114313,0.877623141,1.038770795,1.142798901,1.871214509,2.054905653,1.985464096,0.881230712,1.78323245,1.045277357,1.280305147
GSM1524033,0,1.827134132,1.617859006,1.100580096,3.182519197,2.642836332,2.34726882,0.856942356,1.024389386,1.215993762,1.590798378,2.001849413,1.41955483,1.098879576,1.134296298,0.903186977,1.104120493
GSM1524034,0,1.780750394,1.639280438,1.076187968,2.980973482,2.685897827,2.305230141,0.904442787,1.005982995,1.263170242,1.723485827,1.845144987,1.39710784,1.039908767,1.204427004,0.910998642,1.137851238
GSM1524035,0,1.955456257,1.487677574,1.078927398,3.229877234,2.344753981,2.314629555,0.844262123,1.066697955,1.141473293,1.887385249,2.029822826,1.877335906,1.012872934,1.30946672,1.012872934,1.233056784
GSM1524036,0,1.911734343,1.944378376,0.997934878,3.164605141,2.52349472,2.497317314,0.856752753,0.987623692,1.127270937,1.73582387,2.170886517,1.440579295,1.043911219,1.336740017,0.964332759,1.300044179
GSM1524037,1,2.282907486,1.821805596,1.035574794,3.280269623,2.04687953,2.583319426,0.908041596,0.934702039,1.30778861,1.761219978,2.036132574,1.511964679,0.947804391,1.16995573,0.99359858,1.176222324
GSM1524038,1,1.826601863,1.670306683,1.083610415,3.276705503,2.436913967,2.299645424,0.931661367,1.046861291,1.320938826,1.889292479,2.212618589,1.911892176,0.959021032,1.205446362,1.257109284,1.110471606
GSM1524039,0,2.284913778,1.527739525,1.039554715,3.401864767,2.090147257,2.377688646,0.847566187,0.923556387,1.324162245,1.808865547,2.03038168,2.23689723,0.887052953,1.534056067,1.163645625,1.192271471
GSM1524040,0,1.710620761,1.690691352,1.080352783,2.769001961,2.557851315,2.232144356,1.01655519,1.021317124,1.340918779,1.920962691,1.859572768,1.977962255,0.944865465,1.486068606,1.026832223,1.110384941
GSM1524041,0,2.246687889,1.423709989,0.990551531,3.013364553,2.354954958,2.25090456,0.862347364,1.076876163,1.174628377,1.89998734,2.122979164,1.996330738,0.928120613,2.331383944,1.006852865,1.133901715
GSM1524042,1,2.247478724,3.126750469,1.092933297,3.361800671,1.849247098,2.554899216,1.681841969,2.54671073,1.653995395,1.719276428,2.053430319,1.927979827,0.95737052,2.803677797,0.962003052,2.521005154
GSM1524043,0,1.690728068,1.641930819,0.995890558,2.967566013,2.910408258,2.176704168,0.873866558,1.091998339,1.236707687,1.705117822,2.013030529,1.288336396,0.956118226,1.217545867,0.889952123,1.138937354
GSM1524044,1,2.614257574,1.918106556,1.09655869,3.315758228,2.456025839,2.362027168,0.826457083,2.191691875,1.183520555,1.900442362,2.032411575,1.766456127,0.917258561,1.147686243,0.827621758,1.108104706
GSM1524045,0,1.986988902,1.41332078,1.162323713,3.055839777,2.266356707,2.343303919,0.879302561,1.114026189,1.159770489,1.890538216,2.018918037,1.86765933,0.946973503,1.401884317,1.127929926,1.106926441
GSM1524046,0,2.075048923,1.62498343,1.07417953,3.163698673,2.356926441,2.215921879,0.900257885,1.084792614,1.233093858,1.769092798,1.930729032,1.631422162,0.994543195,1.165450215,1.034576893,1.026170015
GSM1524047,0,2.055952787,1.617688537,1.070598483,3.078594446,2.631706715,2.406333208,0.965386927,1.020577431,1.162589192,1.882399917,1.947555065,1.197471738,0.973211586,1.421674132,0.798869193,1.127146006
GSM1524048,0,2.187601566,1.493098617,1.016567469,3.083973885,2.36009717,2.228120804,0.881189466,0.995166361,1.264671803,1.690678954,1.918019533,1.845112205,0.967386365,1.338035583,1.039070725,1.211962938
GSM1524049,0,2.198732376,1.516584277,1.05469501,3.258195162,2.314840078,2.346792698,0.92265147,1.137192845,1.179968357,1.788506746,1.97919178,1.884903908,0.990422964,1.167868972,1.009646416,1.123986959
GSM1524050,0,1.83976686,1.637397885,1.059004307,2.922586203,2.515437365,2.613460064,0.939562142,0.89683038,1.120951414,1.82304883,2.084785461,1.69052279,0.982101023,1.435654521,0.940936983,1.134957671
GSM1524051,0,2.001754999,1.709446669,1.135252357,2.947434664,2.745805502,2.286578178,0.818991482,1.037015796,1.189694881,1.940052509,1.964827418,1.637429237,0.883737683,1.49488461,0.888835311,1.061727643
GSM1524052,0,1.886318088,1.630615354,1.060522676,3.121316671,2.596585751,2.337339878,0.865533173,1.069814563,1.228407621,1.661272645,2.017359018,1.977018714,0.962221026,1.273930907,1.093282461,1.200964808
GSM1524053,0,1.867324591,1.641731739,1.053013206,3.131708384,2.500872374,2.512299538,0.825048268,1.000074863,1.332702041,1.503032327,2.225835085,1.950662017,0.899996579,1.259664536,0.990892589,1.279662609
GSM1524054,0,2.128327131,1.642809749,1.000195384,2.874188662,2.563720942,2.420720577,0.931095064,1.002135754,1.189653993,1.763580084,1.975205898,1.458669662,0.958587885,1.185946584,0.980305135,1.175029635
GSM1524055,1,2.339587688,2.314555168,1.079653144,3.384943962,2.164783955,2.738306046,0.985222459,1.540585399,1.262301564,2.002053976,2.057760477,2.429774284,1.011824369,1.567773342,1.389771819,2.36087203
GSM1524056,1,2.72719264,3.337085962,1.19703877,3.148216724,1.849874258,2.809447289,0.93467164,0.984860599,1.441507459,1.766027808,2.072149992,1.882043123,1.067144156,1.518293858,1.249194741,2.196237564
GSM1524057,0,1.731111288,1.626777768,1.049811125,3.49196291,1.681399703,2.334716082,0.863798022,1.193838954,1.14259851,1.844346762,1.919691443,2.210469007,0.96840173,1.554664016,1.00744319,1.103101254
GSM1524058,0,2.392105103,1.795003653,1.006513119,3.319981575,2.077408075,2.418252707,1.019360065,1.017284155,1.400955915,1.715376973,1.851758957,1.870452046,0.919707179,1.284713507,0.991153896,1.069957852
GSM1524059,0,2.017841101,1.638404846,1.095278025,3.255826235,2.264365673,2.299466133,0.931329608,1.033672929,1.14035821,1.711869717,2.128566265,2.030249834,0.948437154,1.216388106,1.062499166,1.212115526
GSM1524060,0,2.425837278,2.263539314,1.008614779,3.230046034,1.571972013,2.649748802,1.229125023,1.01413548,1.2138592,1.876736045,2.050967455,1.725003123,1.737680554,2.136989594,1.022146106,1.219551325
GSM1524061,0,1.934030056,1.603160262,1.048496842,2.757960081,2.657637119,2.307765722,0.879986584,1.050550818,1.169904351,1.824241757,1.891367555,1.447438359,1.084663391,1.291047215,0.979653358,1.073531628
GSM1524062,0,1.989939809,1.705135107,1.075000405,3.321098328,2.096579313,2.27598238,0.923674464,1.093487859,1.134331346,1.745018125,1.8942554,2.238627672,1.049405575,1.502418756,0.941085041,1.051957726
GSM1524068,0,2.498907804,1.825835347,1.143794417,2.926047564,2.199842691,2.608548641,0.89515245,0.952000737,1.199287891,2.034354687,1.983977914,1.325132251,0.921568096,1.892369032,0.97191602,0.955717266
GSM1524069,0,1.722530007,1.404800415,1.126201391,2.459558964,2.523025751,2.210063934,0.889197469,0.998771191,1.068065882,1.879940748,2.065667868,1.41121304,0.914325058,1.344403625,0.943835318,1.070999742
GSM1524070,0,2.169593573,2.021422863,1.14262259,3.046089411,2.315406322,2.483284235,0.87812978,0.917070746,1.181664944,1.976728201,1.734987855,1.276399732,1.139100552,1.410696745,1.019310713,1.165849686
GSM1524071,0,2.242839098,1.603464246,1.164965868,2.745042086,2.679895639,2.348778248,0.901561677,0.967313826,1.31626904,1.87734139,1.831703663,1.449955583,0.99374938,1.640791178,0.97873491,1.16327405
GSM1524072,0,2.13133502,1.708168626,1.110911727,2.899968386,2.591111183,2.40914607,0.846422553,0.91851896,1.34024024,1.739091873,1.827425241,1.372189522,0.967675984,1.400974035,0.862119794,1.122420788
